id,winner_model_a,winner_model_b,winner_tie
136060,0.24639498432601886,0.6626959247648904,0.09090909090909091
211333,0.6436667140892494,0.2654241950016598,0.09090909090909091
1233961,0.46720188902007087,0.44188902007083825,0.09090909090909091
